"nome_abreviado","indicador","bloco","calculo","numerador","denominador","fator","tipo_do_indicador","referencia","descricao_referencia","nome_numerador","nome_denominador","num_indicadores_incompletude","nome_incompletude1","nome_incompletude2","numerador_incompletude1","numerador_incompletude2","denominador_incompletude1","denominador_incompletude2","fator_incompletude"
"porc_nvm_menor_que_20_anos","Porcentagem de nascidos vivos de mães com idade inferior a 20 anos","bloco1","round(sum(nvm_menor_que_20_anos) / sum(total_de_nascidos_vivos) * 100, 1)","sum(nvm_menor_que_20_anos)","sum(total_de_nascidos_vivos)",100,"porcentagem","Nacional","média nacional","Nascidos vivos de mães com menos de 20 anos","Total de nascidos vivos",1,"Porcentagem da variável IDADEMAE, do SINASC, não preenchida, ignorada ou >55","-","idademae_incompletos","-","idademae_totais","-",100
"porc_nvm_entre_20_e_34_anos","Porcentagem de nascidos vivos de mães com idade entre 20 a 34 anos","bloco1","round(sum(nvm_entre_20_e_34_anos) / sum(total_de_nascidos_vivos) * 100, 1)","sum(nvm_entre_20_e_34_anos)","sum(total_de_nascidos_vivos)",100,"porcentagem","Nacional","média nacional","Nascidos vivos de mães com entre 20 e 34 anos","Total de nascidos vivos",1,"Porcentagem da variável IDADEMAE, do SINASC, não preenchida, ignorada ou >55","-","idademae_incompletos","-","idademae_totais","-",100
"porc_nvm_maior_que_34_anos","Porcentagem de nascidos vivos de mães com idade de 35 ou mais anos","bloco1","round(sum(nvm_maior_que_34_anos) / sum(total_de_nascidos_vivos) * 100, 1)","sum(nvm_maior_que_34_anos)","sum(total_de_nascidos_vivos)",100,"porcentagem","Nacional","média nacional","Nascidos vivos de mães com mais de 34 anos","Total de nascidos vivos",1,"Porcentagem da variável IDADEMAE, do SINASC, não preenchida, ignorada ou >55","-","idademae_incompletos","-","idademae_totais","-",100
"porc_nvm_com_cor_da_pele_branca","Porcentagem de nascidos vivos de mães de raça/cor branca","bloco1","round(sum(nvm_com_cor_da_pele_branca) / sum(total_de_nascidos_vivos) * 100, 1)","sum(nvm_com_cor_da_pele_branca)","sum(total_de_nascidos_vivos)",100,"porcentagem","Nacional","média nacional","Nascidos vivos de mães de raça/cor branca","Total de nascidos vivos",1,"Porcentagem da variável RACACOR, do SINASC, não preenchida ou ignorada","-","racacor_incompletos","-","racacor_totais","-",100
"porc_nvm_com_cor_da_pele_preta","Porcentagem de nascidos vivos de mães de raça/cor preta","bloco1","round(sum(nvm_com_cor_da_pele_preta) / sum(total_de_nascidos_vivos) * 100, 1)","sum(nvm_com_cor_da_pele_preta)","sum(total_de_nascidos_vivos)",100,"porcentagem","Nacional","média nacional","Nascidos vivos de mães de raça/cor preta","Total de nascidos vivos",1,"Porcentagem da variável RACACOR, do SINASC, não preenchida ou ignorada","-","racacor_incompletos","-","racacor_totais","-",100
"porc_nvm_com_cor_da_pele_parda","Porcentagem de nascidos vivos de mães de raça/cor parda","bloco1","round(sum(nvm_com_cor_da_pele_amarela) / sum(total_de_nascidos_vivos) * 100, 1)","sum(nvm_com_cor_da_pele_amarela)","sum(total_de_nascidos_vivos)",100,"porcentagem","Nacional","média nacional","Nascidos vivos de mães de raça/cor parda","Total de nascidos vivos",1,"Porcentagem da variável RACACOR, do SINASC, não preenchida ou ignorada","-","racacor_incompletos","-","racacor_totais","-",100
"porc_nvm_com_cor_da_pele_amarela","Porcentagem de nascidos vivos de mães de raça/cor amarela","bloco1","round(sum(nvm_com_cor_da_pele_parda) / sum(total_de_nascidos_vivos) * 100, 1)","sum(nvm_com_cor_da_pele_parda)","sum(total_de_nascidos_vivos)",100,"porcentagem","Nacional","média nacional","Nascidos vivos de mães de raça/cor amarela","Total de nascidos vivos",1,"Porcentagem da variável RACACOR, do SINASC, não preenchida ou ignorada","-","racacor_incompletos","-","racacor_totais","-",100
"porc_nvm_indigenas","Porcentagem de nascidos vivos de mães de raça/cor indígena","bloco1","round(sum(nvm_indigenas) / sum(total_de_nascidos_vivos) * 100, 1)","sum(nvm_indigenas)","sum(total_de_nascidos_vivos)",100,"porcentagem","Nacional","média nacional","Nascidos vivos de mães de raça/cor indígena","Total de nascidos vivos",1,"Porcentagem da variável RACACOR, do SINASC, não preenchida ou ignorada","-","racacor_incompletos","-","racacor_totais","-",100
"porc_nvm_com_escolaridade_ate_3","Porcentagem de nascidos vivos de mães com menos de 4 anos de estudo","bloco1","round(sum(nvm_com_escolaridade_ate_3) / sum(total_de_nascidos_vivos) * 100, 1)","sum(nvm_com_escolaridade_ate_3)","sum(total_de_nascidos_vivos)",100,"porcentagem","Nacional","média nacional","Nascidos vivos de mães com até 3 anos de estudo","Total de nascidos vivos",1,"Porcentagem da variável ESCMAE, do SINASC, não preenchida ou ignorada","-","escmae_incompletos","-","escmae_totais","-",100
"porc_nvm_com_escolaridade_de_4_a_7","Porcentagem de nascidos vivos de mães com 4 a 7 anos de estudo","bloco1","round(sum(nvm_com_escolaridade_de_4_a_7) / sum(total_de_nascidos_vivos) * 100, 1)","sum(nvm_com_escolaridade_de_4_a_7)","sum(total_de_nascidos_vivos)",100,"porcentagem","Nacional","média nacional","Nascidos vivos de mães com 4 a 7 anos de estudo","Total de nascidos vivos",1,"Porcentagem da variável ESCMAE, do SINASC, não preenchida ou ignorada","-","escmae_incompletos","-","escmae_totais","-",100
"porc_nvm_com_escolaridade_de_8_a_11","Porcentagem de nascidos vivos de mães com 8 a 11 anos de estudo","bloco1","round(sum(nvm_com_escolaridade_de_8_a_11) / sum(total_de_nascidos_vivos) * 100, 1)","sum(nvm_com_escolaridade_de_8_a_11)","sum(total_de_nascidos_vivos)",100,"porcentagem","Nacional","média nacional","Nascidos vivos de mães com 8 a 11 anos de estudo","Total de nascidos vivos",1,"Porcentagem da variável ESCMAE, do SINASC, não preenchida ou ignorada","-","escmae_incompletos","-","escmae_totais","-",100
"porc_nvm_com_escolaridade_acima_de_11","Porcentagem de nascidos vivos de mães com mais de 11 anos de estudo","bloco1","round(sum(nvm_com_escolaridade_acima_de_11) / sum(total_de_nascidos_vivos) * 100, 1)","sum(nvm_com_escolaridade_acima_de_11)","sum(total_de_nascidos_vivos)",100,"porcentagem","Nacional","média nacional","Nascidos vivos de mães com 12 a 29 anos de estudo","Total de nascidos vivos",1,"Porcentagem da variável ESCMAE, do SINASC, não preenchida ou ignorada","-","escmae_incompletos","-","escmae_totais","-",100
"porc_dependentes_sus","Porcentagem de mulheres com 10 a 49 anos usuárias exclusivas do SUS","bloco1","round((sum(populacao_feminina_10_a_49) - sum(pop_fem_10_49_com_plano_saude)) / sum(populacao_feminina_10_a_49) * 100, 1)","(sum(populacao_feminina_10_a_49) - sum(pop_fem_10_49_com_plano_saude))","sum(populacao_feminina_10_a_49)",100,"porcentagem","Nacional","média nacional","População feminina sem plano de saúde","População feminina entre 10 e 49 anos",0,"-","-","-","-","-","-",100
"porc_cobertura_esf","Cobertura populacional com equipes de Saúde da Família","bloco1","round(sum(media_cobertura_esf) / sum(populacao_total) * 100, 1)","sum(media_cobertura_esf)","sum(populacao_total)",100,"porcentagem","95","meta ODS","Média da população atendida por equipes de Saúde da Família","População total",0,"-","-","-","-","-","-",100
"porc_menor20","Taxa específica de fecundidade de mulheres com menos de 20 anos de idade (por mil)","bloco2","round(sum(nvm_menor_que_20) / sum(pop_feminina_10_a_19) * 1000, 1)","sum(nvm_menor_que_20)","sum(pop_feminina_10_a_19)",1000,"taxa","30","países desenvolvidos","Nascidos vivos de mães com menos de 20 anos","População feminina entre 10 e 19 anos",1,"Porcentagem da variável IDADEMAE, do SINASC, não preenchida, ignorada ou maior que 55 anos","-","idademae_incompletos","-","idademae_totais","-",100
"porc_mais_3pt","Porcentagem de mulheres com mais de 3 partos anteriores","bloco2","round(sum(mulheres_com_mais_de_tres_partos_anteriores) / sum(total_de_nascidos_vivos) * 100, 1)","sum(mulheres_com_mais_de_tres_partos_anteriores)","sum(total_de_nascidos_vivos)",100,"porcentagem","Nacional","média nacional","Mulheres com mais de 3 partos anteriores","Total de nascidos vivos",2,"Porcentagem da variável QTDPARTNOR, do SINASC, não preenchida ou preenchida com 99","Porcentagem da variável QTDPARTCES, do SINASC, não preenchida ou preenchida com 99","qtdpartces_incompletos","qtdpartnor_incompletos","qtdpartces_totais","qtdpartnor_totais",100
"tx_abortos_mil_mulheres_valor_medio","Taxa de abortos inseguros por mil mulheres em idade fértil (geral)","bloco2","round(((((sum(abortos_sus_menor_30) * 0.9) + (sum(abortos_sus_30_a_39) * 0.85) + (sum(abortos_sus_40_a_49) * 0.75)) * 4) + (((sum(abortos_ans_menor_30) * 0.9) + (sum(abortos_ans_30_a_39) * 0.85) + (sum(abortos_ans_40_a_49) * 0.75)) * 6)) / sum(pop_fem_10_49) * 1000, 1)","((((sum(abortos_sus_menor_30) * 0.9) + (sum(abortos_sus_30_a_39) * 0.85) + (sum(abortos_sus_40_a_49) * 0.75)) * 4) + (((sum(abortos_ans_menor_30) * 0.9) + (sum(abortos_ans_30_a_39) * 0.85) + (sum(abortos_ans_40_a_49) * 0.75)) * 6))","sum(pop_fem_10_49)",1000,"taxa","Nacional","média nacional","Número de internações por aborto corrigido","População feminina entre 10 e 49 anos",0,"-","-","-","-","-","-",100
"sus_tx_abortos_mil_mulheres_valor_medio","Taxa de abortos inseguros por mil mulheres em idade fértil (apenas SUS)","bloco2","round((((sum(abortos_sus_menor_30) * 0.9) + (sum(abortos_sus_30_a_39) * 0.85) + (sum(abortos_sus_40_a_49) * 0.75)) * 4) / sum(pop_fem_sus_10_49) * 1000, 1)","(((sum(abortos_sus_menor_30) * 0.9) + (sum(abortos_sus_30_a_39) * 0.85) + (sum(abortos_sus_40_a_49) * 0.75)) * 4)","sum(pop_fem_sus_10_49)",1000,"taxa","Nacional","média nacional","Número de internações por abortos corrigido (apenas SUS)","População feminina entre 10 e 49 anos usuárias exclusiva do SUS",0,"-","-","-","-","-","-",100
"ans_tx_abortos_mil_mulheres_valor_medio","Taxa de abortos inseguros por mil mulheres em idade fértil (apenas ANS)","bloco2","round((((sum(abortos_ans_menor_30) * 0.9) + (sum(abortos_ans_30_a_39) * 0.85) + (sum(abortos_ans_40_a_49) * 0.75)) * 6) / sum(pop_fem_ans_10_49) * 1000, 1)","(((sum(abortos_ans_menor_30) * 0.9) + (sum(abortos_ans_30_a_39) * 0.85) + (sum(abortos_ans_40_a_49) * 0.75)) * 6)","sum(pop_fem_ans_10_49)",1000,"taxa","Nacional","média nacional","Número de internações por aborto corrigido (apenas ANS)","População feminina entre 10 e 49 anos usuárias de planos de saúde privados",0,"-","-","-","-","-","-",100
"tx_abortos_cem_nascidos_vivos_valor_medio","Razão de abortos inseguros por 100 nascidos vivos (geral)","bloco2","round(((((sum(abortos_sus_menor_30) * 0.9) + (sum(abortos_sus_30_a_39) * 0.85) + (sum(abortos_sus_40_a_49) * 0.75)) * 4) + (((sum(abortos_ans_menor_30) * 0.9) + (sum(abortos_ans_30_a_39) * 0.85) + (sum(abortos_ans_40_a_49) * 0.75)) * 6)) / sum(total_de_nascidos_vivos) * 100, 1)","((((sum(abortos_sus_menor_30) * 0.9) + (sum(abortos_sus_30_a_39) * 0.85) + (sum(abortos_sus_40_a_49) * 0.75)) * 4) + (((sum(abortos_ans_menor_30) * 0.9) + (sum(abortos_ans_30_a_39) * 0.85) + (sum(abortos_ans_40_a_49) * 0.75)) * 6))","sum(total_de_nascidos_vivos)",100,"taxa","Nacional","média nacional","Número de internações por aborto corrigido","Total de nascidos vivos",0,"-","-","-","-","-","-",100
"sus_tx_abortos_cem_nascidos_vivos_valor_medio","Razão de abortos inseguros por 100 nascidos vivos (apenas SUS)","bloco2","round((((sum(abortos_sus_menor_30) * 0.9) + (sum(abortos_sus_30_a_39) * 0.85) + (sum(abortos_sus_40_a_49) * 0.75)) * 4) / sum(total_de_nascidos_vivos_sus) * 100, 1)","(((sum(abortos_sus_menor_30) * 0.9) + (sum(abortos_sus_30_a_39) * 0.85) + (sum(abortos_sus_40_a_49) * 0.75)) * 4)","sum(total_de_nascidos_vivos_sus)",100,"taxa","Nacional","média nacional","Número de internações por abortos corrigido (apenas SUS)","Total de nascidos vivos de mães usuárias exclusiva do SUS",0,"-","-","-","-","-","-",100
"ans_tx_abortos_cem_nascidos_vivos_valor_medio","Razão de abortos inseguros por 100 nascidos vivos (apenas ANS)","bloco2","round((((sum(abortos_ans_menor_30) * 0.9) + (sum(abortos_ans_30_a_39) * 0.85) + (sum(abortos_ans_40_a_49) * 0.75)) * 6) / sum(total_de_nascidos_vivos_ans) * 100, 1)","(((sum(abortos_ans_menor_30) * 0.9) + (sum(abortos_ans_30_a_39) * 0.85) + (sum(abortos_ans_40_a_49) * 0.75)) * 6)","sum(total_de_nascidos_vivos_ans)",100,"taxa","Nacional","média nacional","Número de internações por aborto corrigido (apenas ANS)","Total de nascidos vivos de mãe usuárias de planos de saúde privados",0,"-","-","-","-","-","-",100
"cobertura_pre_natal","Cobertura de assistência pré-natal","bloco3","round(sum(mulheres_com_pelo_menos_uma_consulta_prenatal) / sum(total_de_nascidos_vivos) * 100, 1)","sum(mulheres_com_pelo_menos_uma_consulta_prenatal)","sum(total_de_nascidos_vivos)",100,"porcentagem","95","recomendações OMS","Mulheres com pelo menos uma consulta pré-natal","Total de nascidos vivos",1,"Porcentagem da variável CONSPRENAT, do SINASC, em branco","-","consprenat_incompletos","-","consprenat_totais","-",100
"porc_inicio_prec","Porcentagem de mulheres com início precoce do pré-natal","bloco3","round(sum(mulheres_com_inicio_precoce_do_prenatal) / sum(total_de_nascidos_vivos) * 100, 1)","sum(mulheres_com_inicio_precoce_do_prenatal)","sum(total_de_nascidos_vivos)",100,"porcentagem","95","recomendações OMS","Mulheres com início precoce do pré-natal","Total de nascidos vivos",1,"Porcentagem da variável MESPRENAT, do SINASC, em branco","-","mesprenat_incompletos","-","mesprenat_totais","-",100
"porc_7","Porcentagem de mulheres com mais de 7 consultas de pré-natal","bloco3","round(sum(mulheres_com_mais_de_sete_consultas_prenatal) / sum(total_de_nascidos_vivos) * 100, 1)","sum(mulheres_com_mais_de_sete_consultas_prenatal)","sum(total_de_nascidos_vivos)",100,"porcentagem","95","recomendações OMS","Mulheres com mais de sete consultas pré-natal","Total de nascidos vivos",1,"Porcentagem da variável CONSPRENAT, do SINASC, em branco","-","consprenat_incompletos","-","consprenat_totais","-",100
"porc_sc","Incidência de sífilis congênita","bloco3","round(sum(casos_sc) / sum(total_de_nascidos_vivos) * 1000, 1)","sum(casos_sc)","sum(total_de_nascidos_vivos)",1000,"taxa","0.5","meta OMS","Casos de sífilis congênita","Total de nascidos vivos",0,"-","-","-","-","-","-",100
"prop_tx_cesariana_geral","Porcentagem de nascidos vivos por cesariana","bloco4","round(sum(mulheres_com_parto_cesariana) / sum(total_de_nascidos_vivos) * 100, 1)","sum(mulheres_com_parto_cesariana)","sum(total_de_nascidos_vivos)",100,"porcentagem","15","meta OMS","Nascidos vivos por cesariana","Total de nascidos vivos",1,"Porcentagem da variável PARTO, do SINASC, em branco, ignorada ou igual a 9","-","parto_incompletos","-","parto_totais","-",100
"prop_robson1_tx_cesariana","Porcentagem de cesarianas no grupo 1 de Robson","bloco4","round((sum(total_cesariana_grupo_robson_1) / sum(mulheres_dentro_do_grupo_de_robson_1)) * 100, 1)","sum(total_cesariana_grupo_robson_1)","sum(mulheres_dentro_do_grupo_de_robson_1)",100,"porcentagem","10","meta OMS","Nascidos vivos por cesariana no grupo 1 de Robson","Mulheres dentro do grupo 1 de Robson",1,"Porcentagem das variáveis PARTO, do SINASC, em branco ou ignorado (PARTO = 9) ou TPROBSON, do SINASC, em branco ou ignorado (TPROBSON = 11 ou 12)","-","parto_tprobson_incompletos","-","parto_tprobson_totais","-",100
"prop_robson2_tx_cesariana","Porcentagem de cesarianas no grupo 2 de Robson","bloco4","round((sum(total_cesariana_grupo_robson_2) / sum(mulheres_dentro_do_grupo_de_robson_2)) * 100, 1)","sum(total_cesariana_grupo_robson_2)","sum(mulheres_dentro_do_grupo_de_robson_2)",100,"porcentagem","20","meta OMS","Nascidos vivos por cesariana no grupo 2 de Robson","Mulheres dentro do grupo 2 de Robson",1,"Porcentagem das variáveis PARTO, do SINASC, em branco ou ignorado (PARTO = 9) ou TPROBSON, do SINASC, em branco ou ignorado (TPROBSON = 11 ou 12)","-","parto_tprobson_incompletos","-","parto_tprobson_totais","-",100
"prop_robson3_tx_cesariana","Porcentagem de cesarianas no grupo 3 de Robson","bloco4","round((sum(total_cesariana_grupo_robson_3) / sum(mulheres_dentro_do_grupo_de_robson_3)) * 100, 1)","sum(total_cesariana_grupo_robson_3)","sum(mulheres_dentro_do_grupo_de_robson_3)",100,"porcentagem","3","meta OMS","Nascidos vivos por cesariana no grupo 3 de Robson","Mulheres dentro do grupo 3 de Robson",1,"Porcentagem das variáveis PARTO, do SINASC, em branco ou ignorado (PARTO = 9) ou TPROBSON, do SINASC, em branco ou ignorado (TPROBSON = 11 ou 12)","-","parto_tprobson_incompletos","-","parto_tprobson_totais","-",100
"prop_robson4_tx_cesariana","Porcentagem de cesarianas no grupo 4 de Robson","bloco4","round((sum(total_cesariana_grupo_robson_4) / sum(mulheres_dentro_do_grupo_de_robson_4)) * 100, 1)","sum(total_cesariana_grupo_robson_4)","sum(mulheres_dentro_do_grupo_de_robson_4)",100,"porcentagem","15","meta OMS","Nascidos vivos por cesariana no grupo 4 de Robson","Mulheres dentro do grupo 4 de Robson",1,"Porcentagem das variáveis PARTO, do SINASC, em branco ou ignorado (PARTO = 9) ou TPROBSON, do SINASC, em branco ou ignorado (TPROBSON = 11 ou 12)","-","parto_tprobson_incompletos","-","parto_tprobson_totais","-",100
"prop_robson5_tx_cesariana","Porcentagem de cesarianas no grupo 5 de Robson","bloco4","round((sum(total_cesariana_grupo_robson_5) / sum(mulheres_dentro_do_grupo_de_robson_5)) * 100, 1)","sum(total_cesariana_grupo_robson_5)","sum(mulheres_dentro_do_grupo_de_robson_5)",100,"porcentagem","50","meta OMS","Nascidos vivos por cesariana no grupo 5 de Robson","Mulheres dentro do grupo 5 de Robson",1,"Porcentagem das variáveis PARTO, do SINASC, em branco ou ignorado (PARTO = 9) ou TPROBSON, do SINASC, em branco ou ignorado (TPROBSON = 11 ou 12)","-","parto_tprobson_incompletos","-","parto_tprobson_totais","-",100
"prop_robson6_a_9_tx_cesariana","Porcentagem de cesarianas nos grupos 6 a 9 de Robson","bloco4","round((sum(total_cesariana_grupo_robson_6_ao_9) / sum(mulheres_dentro_do_grupo_de_robson_6_ao_9)) * 100, 1)","sum(total_cesariana_grupo_robson_6_ao_9)","sum(mulheres_dentro_do_grupo_de_robson_6_ao_9)",100,"porcentagem","Nacional","média nacional","Nascidos vivos por cesariana nos grupos 6 a 9 de Robson","Mulheres dentro dos grupos 6 a 9 de Robson",1,"Porcentagem das variáveis PARTO, do SINASC, em branco ou ignorado (PARTO = 9) ou TPROBSON, do SINASC, em branco ou ignorado (TPROBSON = 11 ou 12)","-","parto_tprobson_incompletos","-","parto_tprobson_totais","-",100
"prop_robson10_tx_cesariana","Porcentagem de cesarianas no grupo 10 de Robson","bloco4","round((sum(total_cesariana_grupo_robson_10) / sum(mulheres_dentro_do_grupo_de_robson_10)) * 100, 1)","sum(total_cesariana_grupo_robson_10)","sum(mulheres_dentro_do_grupo_de_robson_10)",100,"porcentagem","30","meta OMS","Nascidos vivos por cesariana no grupo 10 de Robson","Mulheres dentro do grupo 10 de Robson",1,"Porcentagem das variáveis PARTO, do SINASC, em branco ou ignorado (PARTO = 9) ou TPROBSON, do SINASC, em branco ou ignorado (TPROBSON = 11 ou 12)","-","parto_tprobson_incompletos","-","parto_tprobson_totais","-",100
"contrib_robson1_tx_cesariana","Contribuição relativa do grupo 1 de Robson para a taxa global de cesariana","bloco4","round(sum(total_cesariana_grupo_robson_1) / sum(mulheres_com_parto_cesariana) * 100, 1)","sum(total_cesariana_grupo_robson_1)","sum(mulheres_com_parto_cesariana)",100,"porcentagem","Nacional","média nacional","Nascidos vivos por cesariana no grupo 1 de Robson","Nascidos vivos por cesariana",1,"Porcentagem das variáveis PARTO, do SINASC, em branco ou ignorado (PARTO = 9) ou TPROBSON, do SINASC, em branco ou ignorado (TPROBSON = 11 ou 12)","-","parto_tprobson_incompletos","-","parto_tprobson_totais","-",100
"contrib_robson2_tx_cesariana","Contribuição relativa do grupo 2 de Robson para taxa global de cesariana","bloco4","round(sum(total_cesariana_grupo_robson_2) / sum(mulheres_com_parto_cesariana) * 100, 1)","sum(total_cesariana_grupo_robson_2)","sum(mulheres_com_parto_cesariana)",100,"porcentagem","Nacional","média nacional","Nascidos vivos por cesariana no grupo 2 de Robson","Nascidos vivos por cesariana",1,"Porcentagem das variáveis PARTO, do SINASC, em branco ou ignorado (PARTO = 9) ou TPROBSON, do SINASC, em branco ou ignorado (TPROBSON = 11 ou 12)","-","parto_tprobson_incompletos","-","parto_tprobson_totais","-",100
"contrib_robson3_tx_cesariana","Contribuição relativa do grupo 3 de Robson para taxa global de cesariana","bloco4","round(sum(total_cesariana_grupo_robson_3) / sum(mulheres_com_parto_cesariana) * 100, 1)","sum(total_cesariana_grupo_robson_3)","sum(mulheres_com_parto_cesariana)",100,"porcentagem","Nacional","média nacional","Nascidos vivos por cesariana no grupo 3 de Robson","Nascidos vivos por cesariana",1,"Porcentagem das variáveis PARTO, do SINASC, em branco ou ignorado (PARTO = 9) ou TPROBSON, do SINASC, em branco ou ignorado (TPROBSON = 11 ou 12)","-","parto_tprobson_incompletos","-","parto_tprobson_totais","-",100
"contrib_robson4_tx_cesariana","Contribuição relativa do grupo 4 de Robson para taxa global de cesariana","bloco4","round(sum(total_cesariana_grupo_robson_4) / sum(mulheres_com_parto_cesariana) * 100, 1)","sum(total_cesariana_grupo_robson_4)","sum(mulheres_com_parto_cesariana)",100,"porcentagem","Nacional","média nacional","Nascidos vivos por cesariana no grupo 4 de Robson","Nascidos vivos por cesariana",1,"Porcentagem das variáveis PARTO, do SINASC, em branco ou ignorado (PARTO = 9) ou TPROBSON, do SINASC, em branco ou ignorado (TPROBSON = 11 ou 12)","-","parto_tprobson_incompletos","-","parto_tprobson_totais","-",100
"contrib_robson5_tx_cesariana","Contribuição relativa do grupo 5 de Robson para taxa global de cesariana","bloco4","round(sum(total_cesariana_grupo_robson_5) / sum(mulheres_com_parto_cesariana) * 100, 1)","sum(total_cesariana_grupo_robson_5)","sum(mulheres_com_parto_cesariana)",100,"porcentagem","Nacional","média nacional","Nascidos vivos por cesariana no grupo 5 de Robson","Nascidos vivos por cesariana",1,"Porcentagem das variáveis PARTO, do SINASC, em branco ou ignorado (PARTO = 9) ou TPROBSON, do SINASC, em branco ou ignorado (TPROBSON = 11 ou 12)","-","parto_tprobson_incompletos","-","parto_tprobson_totais","-",100
"contrib_robson6_a_9_tx_cesariana","Contribuição relativa dos grupos 6 a 9 de Robson para taxa global de cesariana","bloco4","round(sum(total_cesariana_grupo_robson_6_ao_9) / sum(mulheres_com_parto_cesariana) * 100, 1)","sum(total_cesariana_grupo_robson_6_ao_9)","sum(mulheres_com_parto_cesariana)",100,"porcentagem","Nacional","média nacional","Nascidos vivos por cesariana nos grupos 6 a 9 de Robson","Nascidos vivos por cesariana",1,"Porcentagem das variáveis PARTO, do SINASC, em branco ou ignorado (PARTO = 9) ou TPROBSON, do SINASC, em branco ou ignorado (TPROBSON = 11 ou 12)","-","parto_tprobson_incompletos","-","parto_tprobson_totais","-",100
"contrib_robson10_tx_cesariana","Contribuição relativa do grupo 10 de Robson para taxa global de cesariana","bloco4","round(sum(total_cesariana_grupo_robson_10) / sum(mulheres_com_parto_cesariana) * 100, 1)","sum(total_cesariana_grupo_robson_10)","sum(mulheres_com_parto_cesariana)",100,"porcentagem","Nacional","média nacional","Nascidos vivos por cesariana no grupo 10 de Robson","Nascidos vivos por cesariana",1,"Porcentagem das variáveis PARTO, do SINASC, em branco ou ignorado (PARTO = 9) ou TPROBSON, do SINASC, em branco ou ignorado (TPROBSON = 11 ou 12)","-","parto_tprobson_incompletos","-","parto_tprobson_totais","-",100
"prop_nasc_robson1","Porcentagem de nascidos vivos do grupo 1 de Robson","bloco4","round((sum(mulheres_dentro_do_grupo_de_robson_1) / sum(total_de_nascidos_vivos)) * 100, 1)","sum(mulheres_dentro_do_grupo_de_robson_1)","sum(total_de_nascidos_vivos)",100,"porcentagem","Nacional","média nacional","Nascidos vivos do grupo 1 de Robson","Total de nascidos vivos",1,"Porcentagem da variável TPROBSON, do SINASC, em branco, ignorada ou igual a 11 ou 12","-","tprobson_incompletos","-","tprobson_totais","-",100
"prop_nasc_robson2","Porcentagem de nascidos vivos do grupo 2 de Robson","bloco4","round((sum(mulheres_dentro_do_grupo_de_robson_2) / sum(total_de_nascidos_vivos)) * 100, 1)","sum(mulheres_dentro_do_grupo_de_robson_2)","sum(total_de_nascidos_vivos)",100,"porcentagem","Nacional","média nacional","Nascidos vivos do grupo 2 de Robson","Total de nascidos vivos",1,"Porcentagem da variável TPROBSON, do SINASC, em branco, ignorada ou igual a 11 ou 12","-","tprobson_incompletos","-","tprobson_totais","-",100
"prop_nasc_robson3","Porcentagem de nascidos vivos do grupo 3 de Robson","bloco4","round((sum(mulheres_dentro_do_grupo_de_robson_3) / sum(total_de_nascidos_vivos)) * 100, 1)","sum(mulheres_dentro_do_grupo_de_robson_3)","sum(total_de_nascidos_vivos)",100,"porcentagem","Nacional","média nacional","Nascidos vivos do grupo 3 de Robson","Total de nascidos vivos",1,"Porcentagem da variável TPROBSON, do SINASC, em branco, ignorada ou igual a 11 ou 12","-","tprobson_incompletos","-","tprobson_totais","-",100
"prop_nasc_robson4","Porcentagem de nascidos vivos do grupo 4 de Robson","bloco4","round((sum(mulheres_dentro_do_grupo_de_robson_4) / sum(total_de_nascidos_vivos)) * 100, 1)","sum(mulheres_dentro_do_grupo_de_robson_4)","sum(total_de_nascidos_vivos)",100,"porcentagem","Nacional","média nacional","Nascidos vivos do grupo 4 de Robson","Total de nascidos vivos",1,"Porcentagem da variável TPROBSON, do SINASC, em branco, ignorada ou igual a 11 ou 12","-","tprobson_incompletos","-","tprobson_totais","-",100
"prop_nasc_robson5","Porcentagem de nascidos vivos do grupo 5 de Robson","bloco4","round((sum(mulheres_dentro_do_grupo_de_robson_5) / sum(total_de_nascidos_vivos)) * 100, 1)","sum(mulheres_dentro_do_grupo_de_robson_5)","sum(total_de_nascidos_vivos)",100,"porcentagem","Nacional","média nacional","Nascidos vivos do grupo 5 de Robson","Total de nascidos vivos",1,"Porcentagem da variável TPROBSON, do SINASC, em branco, ignorada ou igual a 11 ou 12","-","tprobson_incompletos","-","tprobson_totais","-",100
"prop_nasc_robson6_a_9","Porcentagem de nascidos vivos dos grupos 6 a 9 de Robson","bloco4","round((sum(mulheres_dentro_do_grupo_de_robson_6_ao_9) / sum(total_de_nascidos_vivos)) * 100, 1)","sum(mulheres_dentro_do_grupo_de_robson_6_ao_9)","sum(total_de_nascidos_vivos)",100,"porcentagem","Nacional","média nacional","Nascidos vivos dos grupos 6 a 9 de Robson","Total de nascidos vivos",1,"Porcentagem da variável TPROBSON, do SINASC, em branco, ignorada ou igual a 11 ou 12","-","tprobson_incompletos","-","tprobson_totais","-",100
"prop_nasc_robson10","Porcentagem de nascidos vivos do grupo 10 de Robson","bloco4","round((sum(mulheres_dentro_do_grupo_de_robson_10) / sum(total_de_nascidos_vivos)) * 100, 1)","sum(mulheres_dentro_do_grupo_de_robson_10)","sum(total_de_nascidos_vivos)",100,"porcentagem","Nacional","média nacional","Nascidos vivos do grupo 10 de Robson","Total de nascidos vivos",1,"Porcentagem da variável TPROBSON, do SINASC, em branco, ignorada ou igual a 11 ou 12","-","tprobson_incompletos","-","tprobson_totais","-",100
"prop_partos_municipio_res","Porcentagem de partos ocorridos no município de residência da mulher","bloco4_deslocamento","round(sum(local, na.rm = TRUE) / sum(destino_total, na.rm = TRUE) * 100, 1)","sum(local, na.rm = TRUE)","sum(destino_total, na.rm = TRUE)",100,"porcentagem","Nacional","média nacional","Nascidos vivos ocorridos no município de residência da mãe","Total de nascidos vivos",2,"Porcentagem de Declaração de Nascido Vivo sem CNES preenchido","Porcentagem de Declaração de Nascido Vivo com CNES inválido","exceção","exceção","dn_hospital_id_fertil","dn_hospital_id_fertil",100
"prop_partos_fora_municipio_res","Porcentagem do total de partos ocorridos fora do município de residência da mulher","bloco4_deslocamento","round(sum(nao_local, na.rm = TRUE) / sum(destino_total, na.rm = TRUE) * 100, 1)","sum(nao_local, na.rm = TRUE)","sum(destino_total, na.rm = TRUE)",100,"porcentagem","Nacional","média nacional","Nascidos vivos ocorridos fora do município de residência da mãe","Total de nascidos vivos",2,"Porcentagem de Declaração de Nascido Vivo sem CNES preenchido","Porcentagem de Declaração de Nascido Vivo com CNES inválido","exceção","exceção","dn_hospital_id_fertil","dn_hospital_id_fertil",100
"prop_partos_rsaude_res","Porcentagem de partos ocorridos fora do município, mas na microrregião de saúde de residência da mulher","bloco4_deslocamento","round(sum(dentro_regiao_saude, na.rm = TRUE) / sum(destino_total, na.rm = TRUE) * 100, 1)","sum(dentro_regiao_saude, na.rm = TRUE)","sum(destino_total, na.rm = TRUE)",100,"porcentagem","Nacional","média nacional","Nascidos vivos ocorridos na microrregião de saúde de residência da mãe","Total de nascidos vivos",2,"Porcentagem de Declaração de Nascido Vivo sem CNES preenchido","Porcentagem de Declaração de Nascido Vivo com CNES inválido","exceção","exceção","dn_hospital_id_fertil","dn_hospital_id_fertil",100
"prop_partos_macro_rsaude_res","Porcentagem de partos ocorridos fora da microrregião de saúde, mas na macrorregião de saúde de residência da mulher","bloco4_deslocamento","round(sum(dentro_macrorregiao_saude, na.rm = TRUE) / sum(destino_total, na.rm = TRUE) * 100, 1)","sum(dentro_macrorregiao_saude, na.rm = TRUE)","sum(destino_total, na.rm = TRUE)",100,"porcentagem","Nacional","média nacional","Nascidos vivos ocorridos na macrorregião de residência da mãe","Total de nascidos vivos",2,"Porcentagem de Declaração de Nascido Vivo sem CNES preenchido","Porcentagem de Declaração de Nascido Vivo com CNES inválido","exceção","exceção","dn_hospital_id_fertil","dn_hospital_id_fertil",100
"prop_partos_fora_macro_rsaude_res","Porcentagem de partos ocorridos fora da macrorregião de saúde, mas dentro da UF de residência da mulher","bloco4_deslocamento","round(sum(fora_macrorregiao_saude, na.rm = TRUE) / sum(destino_total, na.rm = TRUE) * 100, 1)","sum(fora_macrorregiao_saude, na.rm = TRUE)","sum(destino_total, na.rm = TRUE)",100,"porcentagem","Nacional","média nacional","Nascidos vivos ocorridos fora da macrorregião de residência da mãe","Total de nascidos vivos",2,"Porcentagem de Declaração de Nascido Vivo sem CNES preenchido","Porcentagem de Declaração de Nascido Vivo com CNES inválido","exceção","exceção","dn_hospital_id_fertil","dn_hospital_id_fertil",100
"prop_partos_fora_uf_res","Porcentagem de partos ocorridos fora da UF de residência da mulher","bloco4_deslocamento","round(sum(outra_uf, na.rm = TRUE) / sum(destino_total, na.rm = TRUE) * 100, 1)","sum(outra_uf, na.rm = TRUE)","sum(destino_total, na.rm = TRUE)",100,"porcentagem","Nacional","média nacional","Nascidos vivos ocorridos fora da UF de residência da mãe","Total de nascidos vivos",2,"Porcentagem de Declaração de Nascido Vivo sem CNES preenchido","Porcentagem de Declaração de Nascido Vivo com CNES inválido","exceção","exceção","dn_hospital_id_fertil","dn_hospital_id_fertil",100
"km_partos_fora_municipio","Medianas de deslocamento para partos ocorridos fora do municipio de residência da mulher","bloco4_deslocamento","km_partos_fora_municipio","km_partos_fora_municipio","1",1,"absoluto","exceção","sem referência","Mediana de deslocamento do total de partos ocorridos fora do município de residência da mulher","sem denominador",2,"Porcentagem de Declaração de Nascido Vivo sem CNES preenchido","Porcentagem de Declaração de Nascido Vivo com CNES inválido","exceção","exceção","dn_hospital_id_fertil","dn_hospital_id_fertil",100
"km_partos_na_regiao","Medianas de deslocamento para partos ocorridos fora do município, mas na microrregião de saúde de residência da mulher","bloco4_deslocamento","km_partos_na_regiao","km_partos_na_regiao","1",1,"absoluto","exceção","sem referência","Mediana de deslocamento do total de partos ocorridos na microrregião de saúde de residência da mulher","sem denominador",2,"Porcentagem de Declaração de Nascido Vivo sem CNES preenchido","Porcentagem de Declaração de Nascido Vivo com CNES inválido","exceção","exceção","dn_hospital_id_fertil","dn_hospital_id_fertil",100
"km_partos_na_macrorregiao","Medianas de deslocamento para partos ocorridos fora da microrregião de saúde, mas na macrorregião de saúde de residência da mulher","bloco4_deslocamento","km_partos_na_macrorregiao","km_partos_na_macrorregiao","1",1,"absoluto","exceção","sem referência","Mediana de deslocamento do total de partos na macrorregião de saúde de residência da mulher","sem denominador",2,"Porcentagem de Declaração de Nascido Vivo sem CNES preenchido","Porcentagem de Declaração de Nascido Vivo com CNES inválido","exceção","exceção","dn_hospital_id_fertil","dn_hospital_id_fertil",100
"km_partos_fora_macrorregiao","Medianas de deslocamento para partos ocorridos fora da macrorregião de saúde, mas na UF de residência da mulher","bloco4_deslocamento","km_partos_fora_macrorregiao","km_partos_fora_macrorregiao","1",1,"absoluto","exceção","sem referência","Mediana de deslocamento do total de partos ocorridos fora da macrorregião de saúde de residência da mulher","sem denominador",2,"Porcentagem de Declaração de Nascido Vivo sem CNES preenchido","Porcentagem de Declaração de Nascido Vivo com CNES inválido","exceção","exceção","dn_hospital_id_fertil","dn_hospital_id_fertil",100
"km_partos_fora_uf","Medianas de deslocamento do total de partos ocorridos fora da UF de residência da mulher","bloco4_deslocamento","km_partos_fora_uf","km_partos_fora_uf","1",1,"absoluto","exceção","sem referência","Mediana de deslocamento do total de partos ocorridos fora da UF de residência da mulher","sem denominador",2,"Porcentagem de Declaração de Nascido Vivo sem CNES preenchido","Porcentagem de Declaração de Nascido Vivo com CNES inválido","exceção","exceção","dn_hospital_id_fertil","dn_hospital_id_fertil",100
"porc_baixo_peso","Porcentagem de nascidos vivos com baixo peso ao nascer","bloco5","round(sum(nascidos_vivos_com_baixo_peso) / sum(total_de_nascidos_vivos) * 100, 1)","sum(nascidos_vivos_com_baixo_peso)","sum(total_de_nascidos_vivos)",100,"porcentagem","exceção","meta de redução global","Nascidos vivos com baixo peso","Total de nascidos vivos",1,"Porcentagem da variável PESO, do SINASC, em branco ou preenchida com 9999","-","peso_incompletos","-","peso_totais","-",100
"porc_premat","Porcentagem de nascidos vivos prematuros","bloco5","round(sum(nascidos_vivos_prematuros) / sum(total_de_nascidos_vivos) * 100, 1)","sum(nascidos_vivos_prematuros)","sum(total_de_nascidos_vivos)",100,"porcentagem","10","países desenvolvidos","Nascidos vivos prematuros","Total de nascidos vivos",1,"Porcentagem da variável GESTACAO, do SINASC, em branco, ignorada ou igual a 9","-","gestacao_incompletos","-","gestacao_totais","-",100
"porc_termo_precoce","Porcentagem de nascidos vivos a termo precoce","bloco5","round(sum(nascidos_vivos_termo_precoce) / sum(total_de_nascidos_vivos) * 100, 1)","sum(nascidos_vivos_termo_precoce)","sum(total_de_nascidos_vivos)",100,"porcentagem","20","países desenvolvidos","Nascidos vivos termo precoce","Total de nascidos vivos",1,"Porcentagem da variável SEMAGESTAC, do SINASC, em branco ou sem informação","-","semagestac_incompletos","-","semagestac_totais","-",100
"obitos_mat_totais","Número absoluto de óbitos maternos","bloco6","sum(obitos_mat_totais)","sum(obitos_mat_totais)","1",1,"absoluto","sem referência","sem referência","Óbitos maternos","sem denominador",2,"Porcentagem de óbitos de mulheres em idade fértil investigados","Porcentagem de óbitos maternos investigados","exceção","exceção","total_obitos_mulher_idade_fertil","total_obitos_maternos",100
"rmm","Razão de mortalidade materna","bloco6","round(sum(obitos_mat_totais) / sum(nascidos) * 100000, 1)","sum(obitos_mat_totais)","sum(nascidos)",1e+05,"taxa","30","meta ODS","Óbitos maternos","Total de nascidos vivos",2,"Porcentagem de óbitos de mulheres em idade fértil investigados","Porcentagem de óbitos maternos investigados","exceção","exceção","total_obitos_mulher_idade_fertil","total_obitos_maternos",100
"prop_obitos_diretos","Porcentagem de óbitos maternos por causas obstétricas diretas","bloco6","round(sum(obitos_mat_diretos) / sum(obitos_mat_totais) * 100, 1)","sum(obitos_mat_diretos)","sum(obitos_mat_totais)",100,"porcentagem","Nacional","média nacional","Óbitos maternos diretos","Óbitos maternos",2,"Porcentagem de óbitos de mulheres em idade fértil investigados","Porcentagem de óbitos maternos investigados","exceção","exceção","total_obitos_mulher_idade_fertil","total_obitos_maternos",100
"prop_obitos_aborto","Porcentagem de óbitos maternos diretos por aborto","bloco6","round(sum(obitos_mat_aborto) / sum(obitos_mat_diretos) * 100, 1)","sum(obitos_mat_aborto)","sum(obitos_mat_diretos)",100,"porcentagem","Nacional","média nacional","Óbitos maternos por aborto","Óbitos maternos diretos",2,"Porcentagem de óbitos de mulheres em idade fértil investigados","Porcentagem de óbitos maternos investigados","exceção","exceção","total_obitos_mulher_idade_fertil","total_obitos_maternos",100
"prop_obitos_hipertens","Porcentagem de óbitos maternos diretos por hipertensão","bloco6","round(sum(obitos_mat_hipertensao) / sum(obitos_mat_diretos) * 100, 1)","sum(obitos_mat_hipertensao)","sum(obitos_mat_diretos)",100,"porcentagem","Nacional","média nacional","Óbitos maternos por hipertensão","Óbitos maternos diretos",2,"Porcentagem de óbitos de mulheres em idade fértil investigados","Porcentagem de óbitos maternos investigados","exceção","exceção","total_obitos_mulher_idade_fertil","total_obitos_maternos",100
"prop_obitos_hemo","Porcentagem de óbitos maternos diretos por hemorragia","bloco6","round(sum(obitos_mat_hemorragia) / sum(obitos_mat_diretos) * 100, 1)","sum(obitos_mat_hemorragia)","sum(obitos_mat_diretos)",100,"porcentagem","Nacional","média nacional","Óbitos maternos por hemorragia","Óbitos maternos diretos",2,"Porcentagem de óbitos de mulheres em idade fértil investigados","Porcentagem de óbitos maternos investigados","exceção","exceção","total_obitos_mulher_idade_fertil","total_obitos_maternos",100
"prop_obitos_infec","Porcentagem de óbitos maternos diretos por infecção puerperal","bloco6","round(sum(obitos_mat_infec_puerperal) / sum(obitos_mat_diretos) * 100, 1)","sum(obitos_mat_infec_puerperal)","sum(obitos_mat_diretos)",100,"porcentagem","Nacional","média nacional","Óbitos maternos por infecção puerperal","Óbitos maternos diretos",2,"Porcentagem de óbitos de mulheres em idade fértil investigados","Porcentagem de óbitos maternos investigados","exceção","exceção","total_obitos_mulher_idade_fertil","total_obitos_maternos",100
"prop_mmg_int_publicas","Porcentagem de casos de morbidade materna grave em internações obstétricas públicas","bloco6_morbidade","round(sum(casos_mmg) / sum(total_internacoes) * 100, 1)","sum(casos_mmg)","sum(total_internacoes)",100,"porcentagem","Nacional","média nacional","Casos de morbidade materna grave","Total de internações obstétricas",0,"-","-","-","-","-","-",100
"prop_mmg_hipertensao","Porcentagem de casos de morbidade materna grave por hipertensão","bloco6_morbidade","round(sum(casos_mmg_hipertensao) / sum(casos_mmg)  * 100, 1)","sum(casos_mmg_hipertensao)","sum(casos_mmg)",100,"porcentagem","Nacional","média nacional","Casos de morbidade materna grave por hipertensão","Total de casos de morbidade materna grave",0,"-","-","-","-","-","-",100
"prop_mmg_hemorragia","Porcentagem de casos de morbidade materna grave por hemorragia","bloco6_morbidade","round(sum(casos_mmg_hemorragia) / sum(casos_mmg)  * 100, 1)","sum(casos_mmg_hemorragia)","sum(casos_mmg)",100,"porcentagem","Nacional","média nacional","Casos de morbidade materna grave por hemorragia","Total de casos de morbidade materna grave",0,"-","-","-","-","-","-",100
"prop_mmg_infeccao","Porcentagem de casos de morbidade materna grave por infecção","bloco6_morbidade","round(sum(casos_mmg_infeccoes) / sum(casos_mmg)  * 100, 1)","sum(casos_mmg_infeccoes)","sum(casos_mmg)",100,"porcentagem","Nacional","média nacional","Casos de morbidade materna grave por infecção","Total de casos de morbidade materna grave",0,"-","-","-","-","-","-",100
"prop_mmg_uti","Porcentagem de casos de morbidade materna grave com internação em UTI","bloco6_morbidade","round(sum(casos_mmg_uti) / sum(casos_mmg)  * 100, 1)","sum(casos_mmg_uti)","sum(casos_mmg)",100,"porcentagem","Nacional","média nacional","Casos de morbidade materna grave com internação em UTI","Total de casos de morbidade materna grave",0,"-","-","-","-","-","-",100
"prop_mmg_tmp","Porcentagem de casos de morbidade materna grave com Tempo de Permanência Prolongada","bloco6_morbidade","round(sum(casos_mmg_tmp) / sum(casos_mmg)  * 100, 1)","sum(casos_mmg_tmp)","sum(casos_mmg)",100,"porcentagem","Nacional","média nacional","Casos de morbidade materna grave com Tempo de Permanência Prolongada","Total de casos de morbidade materna grave",0,"-","-","-","-","-","-",100
"prop_mmg_transfusao","Porcentagem de casos de morbidade materna grave com transfusão sanguínea","bloco6_morbidade","round(sum(casos_mmg_transfusao) / sum(casos_mmg)  * 100, 1)","sum(casos_mmg_transfusao)","sum(casos_mmg)",100,"porcentagem","Nacional","média nacional","Casos de morbidade materna grave com transfusão sanguínea","Total de casos de morbidade materna grave",0,"-","-","-","-","-","-",100
"prop_mmg_cirurgia","Porcentagem de casos de morbidade materna grave com intervenções cirúrgicas","bloco6_morbidade","round(sum(casos_mmg_cirurgia) / sum(casos_mmg)  * 100, 1)","sum(casos_mmg_cirurgia)","sum(casos_mmg)",100,"porcentagem","Nacional","média nacional","Casos de morbidade materna grave com intervenções cirúrgicas","Total de casos de morbidade materna grave",0,"-","-","-","-","-","-",100
"mort_neonat","Mortalidade neonatal","bloco7_neonatal","","","",1000,"taxa","Nacional","média nacional","Número de óbitos até 27 dias de vida","Total de nascidos vivos",0,"-","-","-","-","-","-",100
"mort_neonat_precoc","Mortalidade neonatal precoce","bloco7_neonatal","","","",1000,"taxa","Nacional","média nacional","Número de óbitos até 6 dias de vida","Total de nascidos vivos",0,"-","-","-","-","-","-",100
"mort_neonat_tardia","Mortalidade neonatal tardia","bloco7_neonatal","","","",1000,"taxa","Nacional","média nacional","Número de óbitos de 7 a 27 dias de vida","Total de nascidos vivos",0,"-","-","-","-","-","-",100
"mort_neonat_menos1500","Mortalidade neonatal para peso ao nascer menor que 1500g","bloco7_neonatal","","","",1000,"taxa","Nacional","média nacional","Número de óbitos até 27 dias de vida com peso menor que 1500g","Total de nascidos vivos",0,"-","-","-","-","-","-",100
"mort_neonat_precoc_menos1500","Mortalidade neonatal precoce para peso ao nascer menor que 1500g","bloco7_neonatal","","","",1000,"taxa","Nacional","média nacional","Número de óbitos até 6 dias de vida com peso menor que 1500g","Total de nascidos vivos",0,"-","-","-","-","-","-",100
"mort_neonat_tardia_menos1500","Mortalidade neonatal tardia para peso ao nascer menor que 1500g","bloco7_neonatal","","","",1000,"taxa","Nacional","média nacional","Número de óbitos de 7 a 27 dias de vida com peso menor que 1500g","Total de nascidos vivos",0,"-","-","-","-","-","-",100
"mort_neonat_1500_1999","Mortalidade neonatal para peso ao nascer de 1500g a 1999g","bloco7_neonatal","","","",1000,"taxa","Nacional","média nacional","Número de óbitos até 27 dias de vida com peso de 1500g a 1999g","Total de nascidos vivos",0,"-","-","-","-","-","-",100
"mort_neonat_precoc_1500_1999","Mortalidade neonatal precoce para peso ao nascer de 1500g a 1999g","bloco7_neonatal","","","",1000,"taxa","Nacional","média nacional","Número de óbitos até 6 dias de vida com peso de 1500g a 1999g","Total de nascidos vivos",0,"-","-","-","-","-","-",100
"mort_neonat_tardia_1500_1999","Mortalidade neonatal tardia para peso ao nascer de 1500g a 1999g","bloco7_neonatal","","","",1000,"taxa","Nacional","média nacional","Número de óbitos de 7 a 27 dias de vida com peso de 1500g a 1999g","Total de nascidos vivos",0,"-","-","-","-","-","-",100
"mort_neonat_2000_2499","Mortalidade neonatal para peso ao nascer de 2000g a 2499g","bloco7_neonatal","","","",1000,"taxa","Nacional","média nacional","Número de óbitos até 27 dias de vida com peso de 2000g a 2499g","Total de nascidos vivos",0,"-","-","-","-","-","-",100
"mort_neonat_precoc_2000_2499","Mortalidade neonatal precoce para peso ao nascer de 2000g a 2499g","bloco7_neonatal","","","",1000,"taxa","Nacional","média nacional","Número de óbitos até 6 dias de vida com peso de 2000g a 2499g","Total de nascidos vivos",0,"-","-","-","-","-","-",100
"mort_neonat_tardia_2000_2499","Mortalidade neonatal tardia para peso ao nascer de 2000g a 2499g","bloco7_neonatal","","","",1000,"taxa","Nacional","média nacional","Número de óbitos de 7 a 27 dias de vida com peso de 2000g a 2499g","Total de nascidos vivos",0,"-","-","-","-","-","-",100
"mort_neonat_mais2500","Mortalidade neonatal para peso ao nascer maior ou igual a 2500g","bloco7_neonatal","","","",1000,"taxa","Nacional","média nacional","Número de óbitos até 27 dias de vida com peso maior ou igual a 2500g","Total de nascidos vivos",0,"-","-","-","-","-","-",100
"mort_neonat_precoc_mais2500","Mortalidade neonatal precoce para peso ao nascer maior ou igual a 2500g","bloco7_neonatal","","","",1000,"taxa","Nacional","média nacional","Número de óbitos até 6 dias de vida com peso maior ou igual a 2500g","Total de nascidos vivos",0,"-","-","-","-","-","-",100
"mort_neonat_tardia_mais2500","Mortalidade neonatal tardia para peso ao nascer maior ou igual a 2500g","bloco7_neonatal","","","",1000,"taxa","Nacional","média nacional","Número de óbitos de 7 a 27 dias de vida com peso maior ou igual a 2500g","Total de nascidos vivos",0,"-","-","-","-","-","-",100
"obitos_fetais_mais22sem","Número de óbitos fetais","bloco7_fetal","","","",1,"absoluto","Nacional","média nacional","Número total de óbitos fetais","sem denominador",0,"-","-","-","-","-","-",100
"mort_fetal","Taxa de mortalidade fetal","bloco7_fetal","","","",1000,"taxa","Nacional","média nacional","Número total de óbitos fetais","Total de nascidos vivos + total de óbits fetais",0,"-","-","-","-","-","-",100
